Date ,Series ,Ground ,Result
05/01/1971,1970-1971 Australia v. England ,Melbourne Cricket Ground ,Australia won by 5 wickets
24/08/1972,1972 Prudential Trophy (v. Australia) ,Old Trafford ,England won by 6 wickets
26/08/1972,1972 Prudential Trophy (v. Australia) ,Lord's ,Australia won by 5 wickets
28/08/1972,1972 Prudential Trophy (v. Australia) ,Edgbaston ,England won by 2 wickets
18/07/1973,1973 Prudential Trophy (v. New Zealand) ,St Helen's ,England won by 7 wickets
20/07/1973,1973 Prudential Trophy (v. New Zealand) ,Old Trafford ,No Result
05/09/1973,1973 Prudential Trophy (v. West Indies) ,Headingley ,England won by 1 wicket
07/09/1973,1973 Prudential Trophy (v. West Indies) ,Kennington Oval ,West Indies won by 8 wickets
13/07/1974,1974 Prudential Trophy (v. India) ,Headingley ,England won by 4 wickets
15/07/1974,1974 Prudential Trophy (v. India) ,Kennington Oval ,England won by 6 wickets
31/08/1974,1974 Prudential Trophy (v. Pakistan) ,Trent Bridge ,Pakistan won by 7 wickets
03/09/1974,1974 Prudential Trophy (v. Pakistan) ,Edgbaston ,Pakistan won by 8 wickets
01/01/1975,1974-1975 Australia v. England ,Melbourne Cricket Ground ,England won by 3 wickets
08/03/1975,1974-1975 New Zealand v. England ,Carisbrook ,No Result
09/03/1975,1974-1975 New Zealand v. England ,Basin Reserve ,No Result
07/06/1975,1975 Prudential World Cup (v. India) ,Lord's ,England won by 202 runs
11/06/1975,1975 Prudential World Cup (v. New Zealand) ,Trent Bridge ,England won by 80 runs
14/06/1975,1975 Prudential World Cup (v. East Africa) ,Edgbaston ,England won by 196 runs
18/06/1975,1975 Prudential World Cup (v. Australia) ,Headingley ,Australia won by 4 wickets
26/08/1976,1976 Prudential Trophy (v. West Indies) ,North Marine Road Ground ,West Indies won by 6 wickets
28/08/1976,1976 Prudential Trophy (v. West Indies) ,Lord's ,West Indies won by 36 runs
30/08/1976,1976 Prudential Trophy (v. West Indies) ,Edgbaston ,West Indies won by 50 runs
02/06/1977,1977 Prudential Trophy (v. Australia) ,Old Trafford ,England won by 2 wickets
04/06/1977,1977 Prudential Trophy (v. Australia) ,Edgbaston ,England won by 101 runs
06/06/1977,1977 Prudential Trophy (v. Australia) ,Kennington Oval ,Australia won by 2 wickets
23/12/1977,1977-1978 Pakistan v. England ,Zafar Ali (Sahiwal) Stadium ,England won by 3 wickets
30/12/1977,1977-1978 Pakistan v. England ,Jinnah Stadium (Sialkot) ,England won by 6 wickets
13/01/1978,1977-1978 Pakistan v. England ,Gaddafi Stadium ,Pakistan won by 36 runs
24/05/1978,1978 Prudential Trophy (v. Pakistan) ,Old Trafford ,England won by 132 runs
26/05/1978,1978 Prudential Trophy (v. Pakistan) ,Kennington Oval ,England won by 94 runs
15/07/1978,1978 Prudential Trophy (v. New Zealand) ,North Marine Road Ground ,England won by 19 runs
17/07/1978,1978 Prudential Trophy (v. New Zealand) ,Old Trafford ,England won by 126 runs
13/01/1979,1978-1979 Australia v. England ,Sydney Cricket Ground ,No Result
24/01/1979,1978-1979 Australia v. England ,Melbourne Cricket Ground ,England won by 7 wickets
04/02/1979,1978-1979 Australia v. England ,Melbourne Cricket Ground ,Australia won by 4 wickets
07/02/1979,1978-1979 Australia v. England ,Melbourne Cricket Ground ,Australia won by 6 wickets
09/06/1979,1979 Prudential World Cup (v. Australia) ,Lord's ,England won by 6 wickets
13/06/1979,1979 Prudential World Cup (v. Canada) ,Old Trafford ,England won by 8 wickets
16/06/1979,1979 Prudential World Cup (v. Pakistan) ,Headingley ,England won by 14 runs
20/06/1979,1979 Prudential World Cup (v. New Zealand) ,Old Trafford ,England won by 9 runs
23/06/1979,1979 Prudential World Cup (v. West Indies) ,Lord's ,West Indies won by 92 runs
28/11/1979,1979-1980 Benson & Hedges World Series Cup (v. West Indies) ,Sydney Cricket Ground ,England won by 2 runs
08/12/1979,1979-1980 Benson & Hedges World Series Cup (v. Australia) ,Melbourne Cricket Ground ,England won by 3 wickets
11/12/1979,1979-1980 Benson & Hedges World Series Cup (v. Australia) ,Sydney Cricket Ground ,England won by 72 runs
23/12/1979,1979-1980 Benson & Hedges World Series Cup (v. West Indies) ,Brisbane Cricket Ground ,West Indies won by 9 wickets
26/12/1979,1979-1980 Benson & Hedges World Series Cup (v. Australia) ,Sydney Cricket Ground ,England won by 4 wickets
14/01/1980,1979-1980 Benson & Hedges World Series Cup (v. Australia) ,Sydney Cricket Ground ,England won by 2 wickets
16/01/1980,1979-1980 Benson & Hedges World Series Cup (v. West Indies) ,Adelaide Oval ,West Indies won by 107 runs
20/01/1980,1979-1980 Benson & Hedges World Series Cup (v. West Indies) ,Melbourne Cricket Ground ,West Indies won by 2 runs
22/01/1980,1979-1980 Benson & Hedges World Series Cup (v. West Indies) ,Sydney Cricket Ground ,West Indies won by 8 wickets
28/05/1980,1980 Prudential Trophy (v. West Indies) ,Headingley ,West Indies won by 24 runs
30/05/1980,1980 Prudential Trophy (v. West Indies) ,Lord's ,England won by 3 wickets
20/08/1980,1980 Prudential Trophy (v. Australia) ,Kennington Oval ,England won by 23 runs
22/08/1980,1980 Prudential Trophy (v. Australia) ,Edgbaston ,England won by 47 runs
04/02/1981,1980-1981 West Indies v. England ,Arnos Vale Ground ,West Indies won by 2 runs
26/02/1981,1980-1981 West Indies v. England ,Albion Sports Complex ,West Indies won by 6 wickets
04/06/1981,1981 Prudential Trophy (v. Australia) ,Lord's ,England won by 6 wickets
06/06/1981,1981 Prudential Trophy (v. Australia) ,Edgbaston ,Australia won by 2 runs
08/06/1981,1981 Prudential Trophy (v. Australia) ,Headingley ,Australia won by 71 runs
25/11/1981,1981-1982 India v. England ,Sardar Vallabhai Patel Stadium ,England won by 5 wickets
20/12/1981,1981-1982 India v. England ,Gandhi Stadium ,India won by 6 wickets
27/01/1982,1981-1982 India v. England ,Barabati Stadium ,India won by 5 wickets
13/02/1982,1981-1982 Sri Lanka v. England ,Sinhalese Sports Club Ground ,England won by 5 runs
14/02/1982,1981-1982 Sri Lanka v. England ,Sinhalese Sports Club Ground ,Sri Lanka won by 3 runs
02/06/1982,1982 Prudential Trophy (v. India) ,Headingley ,England won by 9 wickets
04/06/1982,1982 Prudential Trophy (v. India) ,Kennington Oval ,England won by 114 runs
17/07/1982,1982 Prudential Trophy (v. Pakistan) ,Trent Bridge ,England won by 7 wickets
19/07/1982,1982 Prudential Trophy (v. Pakistan) ,Old Trafford ,England won by 73 runs
11/01/1983,1982-1983 Benson & Hedges World Series Cup (v. Australia) ,Sydney Cricket Ground ,Australia won by 31 runs
13/01/1983,1982-1983 Benson & Hedges World Series Cup (v. New Zealand) ,Melbourne Cricket Ground ,New Zealand won by 2 runs
15/01/1983,1982-1983 Benson & Hedges World Series Cup (v. New Zealand) ,Brisbane Cricket Ground ,England won by 54 runs
16/01/1983,1982-1983 Benson & Hedges World Series Cup (v. Australia) ,Brisbane Cricket Ground ,Australia won by 7 wickets
20/01/1983,1982-1983 Benson & Hedges World Series Cup (v. New Zealand) ,Sydney Cricket Ground ,England won by 8 wickets
23/01/1983,1982-1983 Benson & Hedges World Series Cup (v. Australia) ,Melbourne Cricket Ground ,Australia won by 5 wickets
26/01/1983,1982-1983 Benson & Hedges World Series Cup (v. Australia) ,Sydney Cricket Ground ,England won by 98 runs
29/01/1983,1982-1983 Benson & Hedges World Series Cup (v. New Zealand) ,Adelaide Oval ,New Zealand won by 4 wickets
30/01/1983,1982-1983 Benson & Hedges World Series Cup (v. Australia) ,Adelaide Oval ,England won by 14 runs
05/02/1983,1982-1983 Benson & Hedges World Series Cup (v. New Zealand) ,WACA Ground ,New Zealand won by 7 wickets
19/02/1983,1982-1983 New Zealand v. England ,Eden Park ,New Zealand won by 6 wickets
23/02/1983,1982-1983 New Zealand v. England ,Basin Reserve ,New Zealand won by 103 runs
26/02/1983,1982-1983 New Zealand v. England ,AMI Stadium ,New Zealand won by 84 runs
09/06/1983,1983 Prudential World Cup (v. New Zealand) ,Kennington Oval ,England won by 106 runs
11/06/1983,1983 Prudential World Cup (v. Sri Lanka) ,The Cooper Associates County Ground ,England won by 47 runs
13/06/1983,1983 Prudential World Cup (v. Pakistan) ,Lord's ,England won by 8 wickets
15/06/1983,1983 Prudential World Cup (v. New Zealand) ,Edgbaston ,New Zealand won by 2 wickets
18/06/1983,1983 Prudential World Cup (v. Pakistan) ,Old Trafford ,England won by 7 wickets
20/06/1983,1983 Prudential World Cup (v. Sri Lanka) ,Headingley ,England won by 9 wickets
22/06/1983,1983 Prudential World Cup (v. India) ,Old Trafford ,India won by 6 wickets
18/02/1984,1983-1984 New Zealand v. England ,AMI Stadium ,England won by 54 runs
22/02/1984,1983-1984 New Zealand v. England ,Basin Reserve ,England won by 6 wickets
25/02/1984,1983-1984 New Zealand v. England ,Eden Park ,New Zealand won by 7 wickets
09/03/1984,1983-1984 Pakistan v. England ,Gaddafi Stadium ,Pakistan won by 6 wickets
26/03/1984,1983-1984 Pakistan v. England ,National Stadium (Karachi) ,England won by 6 wickets
31/05/1984,1984 Texaco Trophy (v. West Indies) ,Old Trafford ,West Indies won by 104 runs
02/06/1984,1984 Texaco Trophy (v. West Indies) ,Trent Bridge ,England won by 3 wickets
04/06/1984,1984 Texaco Trophy (v. West Indies) ,Lord's ,West Indies won by 8 wickets
05/12/1984,1984-1985 India v. England ,Nehru Stadium (Pune) ,England won by 4 wickets
27/12/1984,1984-1985 India v. England ,Barabati Stadium ,England won by 4 runs
20/01/1985,1984-1985 India v. England ,M Chinnaswamy Stadium ,England won by 3 wickets
23/01/1985,1984-1985 India v. England ,Vidarbha Cricket Association Ground ,India won by 3 wickets
27/01/1985,1984-1985 India v. England ,Sector 16 Stadium ,England won by 7 runs
17/02/1985,1984-1985 Benson & Hedges World Championship (v. Australia) ,Melbourne Cricket Ground ,Australia won by 7 wickets
26/02/1985,1984-1985 Benson & Hedges World Championship (v. India) ,Sydney Cricket Ground ,India won by 86 runs
02/03/1985,1984-1985 Benson & Hedges World Championship (v. Pakistan) ,Melbourne Cricket Ground ,Pakistan won by 67 runs
24/03/1985,1984-1985 Rothmans Four-Nations Cup (v. Australia) ,Sharjah Cricket Stadium ,Australia won by 2 wickets
26/03/1985,1984-1985 Rothmans Four-Nations Cup (v. Pakistan) ,Sharjah Cricket Stadium ,Pakistan won by 43 runs
30/05/1985,1985 Texaco Trophy (v. Australia) ,Old Trafford ,Australia won by 3 wickets
01/06/1985,1985 Texaco Trophy (v. Australia) ,Edgbaston ,Australia won by 4 wickets
03/06/1985,1985 Texaco Trophy (v. Australia) ,Lord's ,England won by 8 wickets
18/02/1986,1985-1986 West Indies v. England ,Sabina Park ,West Indies won by 6 wickets
04/03/1986,1985-1986 West Indies v. England ,Queen's Park Oval ,England won by 5 wickets
19/03/1986,1985-1986 West Indies v. England ,Kensington Oval ,West Indies won by 135 runs
31/03/1986,1985-1986 West Indies v. England ,Queen's Park Oval ,West Indies won by 8 wickets
24/05/1986,1986 Texaco Trophy (v. India) ,Kennington Oval ,India won by 9 wickets
26/05/1986,1986 Texaco Trophy (v. India) ,Old Trafford ,England won by 5 wickets
16/07/1986,1986 Texaco Trophy (v. New Zealand) ,Headingley ,New Zealand won by 47 runs
18/07/1986,1986 Texaco Trophy (v. New Zealand) ,Old Trafford ,England won by 6 wickets
01/01/1987,1986-1987 Benson & Hedges Challenge (v. Australia) ,WACA Ground ,England won by 37 runs
03/01/1987,1986-1987 Benson & Hedges Challenge (v. West Indies) ,WACA Ground ,England won by 19 runs
05/01/1987,1986-1987 Benson & Hedges Challenge (v. Pakistan) ,WACA Ground ,England won by 3 wickets
07/01/1987,1986-1987 Benson & Hedges Challenge (v. Pakistan) ,WACA Ground ,England won by 5 wickets
17/01/1987,1986-1987 Benson & Hedges World Series Cup (v. West Indies) ,Brisbane Cricket Ground ,England won by 6 wickets
18/01/1987,1986-1987 Benson & Hedges World Series Cup (v. Australia) ,Brisbane Cricket Ground ,Australia won by 11 runs
22/01/1987,1986-1987 Benson & Hedges World Series Cup (v. Australia) ,Sydney Cricket Ground ,England won by 3 wickets
24/01/1987,1986-1987 Benson & Hedges World Series Cup (v. West Indies) ,Adelaide Oval ,England won by 89 runs
26/01/1987,1986-1987 Benson & Hedges World Series Cup (v. Australia) ,Adelaide Oval ,Australia won by 33 runs
30/01/1987,1986-1987 Benson & Hedges World Series Cup (v. West Indies) ,Melbourne Cricket Ground ,West Indies won by 6 wickets
01/02/1987,1986-1987 Benson & Hedges World Series Cup (v. Australia) ,Melbourne Cricket Ground ,Australia won by 109 runs
03/02/1987,1986-1987 Benson & Hedges World Series Cup (v. West Indies) ,Devonport Oval ,England won by 29 runs
08/02/1987,1986-1987 Benson & Hedges World Series Cup (v. Australia) ,Melbourne Cricket Ground ,England won by 6 wickets
11/02/1987,1986-1987 Benson & Hedges World Series Cup (v. Australia) ,Sydney Cricket Ground ,England won by 8 runs
02/04/1987,1986-1987 Sharjah Cup (v. India) ,Sharjah Cricket Stadium ,India won by 3 wickets
07/04/1987,1986-1987 Sharjah Cup (v. Pakistan) ,Sharjah Cricket Stadium ,England won by 5 wickets
09/04/1987,1986-1987 Sharjah Cup (v. Australia) ,Sharjah Cricket Stadium ,England won by 11 runs
21/05/1987,1987 Texaco Trophy (v. Pakistan) ,Kennington Oval ,England won by 7 wickets
23/05/1987,1987 Texaco Trophy (v. Pakistan) ,Trent Bridge ,Pakistan won by 6 wickets
25/05/1987,1987 Texaco Trophy (v. Pakistan) ,Edgbaston ,England won by 1 wicket
09/10/1987,1987-1988 Reliance World Cup (v. West Indies) ,Jinnah Stadium (Gujwranwala) ,England won by 2 wickets
12/10/1987,1987-1988 Reliance World Cup (v. Pakistan) ,Pindi Club Ground ,Pakistan won by 18 runs
17/10/1987,1987-1988 Reliance World Cup (v. Sri Lanka) ,Arbab Niaz Stadium ,England won by 109 runs
20/10/1987,1987-1988 Reliance World Cup (v. Pakistan) ,National Stadium (Karachi) ,Pakistan won by 7 wickets
26/10/1987,1987-1988 Reliance World Cup (v. West Indies) ,Sawai Mansingh Stadium ,England won by 34 runs
30/10/1987,1987-1988 Reliance World Cup (v. Sri Lanka) ,Nehru Stadium (Pune) ,England won by 8 wickets
05/11/1987,1987-1988 Reliance World Cup (v. India) ,Wankhede Stadium ,England won by 35 runs
08/11/1987,1987-1988 Reliance World Cup (v. Australia) ,Eden Gardens ,Australia won by 7 runs
18/11/1987,1987-1988 Pakistan v. England ,Gaddafi Stadium ,England won by 2 wickets
20/11/1987,1987-1988 Pakistan v. England ,National Stadium (Karachi) ,England won by 23 runs
22/11/1987,1987-1988 Pakistan v. England ,Arbab Niaz Stadium ,England won by 98 runs
04/02/1988,1987-1988 Australian Bicentennial Match (v. Australia) ,Melbourne Cricket Ground ,Australia won by 22 runs
09/03/1988,1987-1988 New Zealand v. England ,Carisbrook ,England won by 5 wickets
12/03/1988,1987-1988 New Zealand v. England ,AMI Stadium ,England won by 6 wickets
16/03/1988,1987-1988 New Zealand v. England ,McLean Park ,New Zealand won by 7 wickets
19/03/1988,1987-1988 New Zealand v. England ,Eden Park ,New Zealand won by 4 wickets
19/05/1988,1988 Texaco Trophy (v. West Indies) ,Edgbaston ,England won by 6 wickets
21/05/1988,1988 Texaco Trophy (v. West Indies) ,Headingley ,England won by 47 runs
23/05/1988,1988 Texaco Trophy (v. West Indies) ,Lord's ,England won by 7 wickets
04/09/1988,1988 Texaco Trophy (v. Sri Lanka) ,Kennington Oval ,England won by 5 wickets
25/05/1989,1989 Texaco Trophy (v. Australia) ,Old Trafford ,England won by 95 runs
27/05/1989,1989 Texaco Trophy (v. Australia) ,Trent Bridge ,Match Tied
29/05/1989,1989 Texaco Trophy (v. Australia) ,Lord's ,Australia won by 6 wickets
15/10/1989,1989-1990 MRF World Series (Nehru) Cup (v. Sri Lanka) ,Arun Jaitley Stadium ,England won by 5 wickets
19/10/1989,1989-1990 MRF World Series (Nehru) Cup (v. Australia) ,Lal Bahadur Shastri Stadium ,England won by 7 wickets
22/10/1989,1989-1990 MRF World Series (Nehru) Cup (v. Pakistan) ,Barabati Stadium ,England won by 4 wickets
25/10/1989,1989-1990 MRF World Series (Nehru) Cup (v. India) ,Green Park ,India won by 6 wickets
27/10/1989,1989-1990 MRF World Series (Nehru) Cup (v. West Indies) ,Captain Roop Singh Stadium ,West Indies won by 26 runs
30/10/1989,1989-1990 MRF World Series (Nehru) Cup (v. Pakistan) ,Vidarbha Cricket Association Ground ,Pakistan won by 6 wickets
14/02/1990,1989-1990 West Indies v. England ,Queen's Park Oval ,No Result
17/02/1990,1989-1990 West Indies v. England ,Queen's Park Oval ,No Result
03/03/1990,1989-1990 West Indies v. England ,Sabina Park ,West Indies won by 3 wickets
07/03/1990,1989-1990 West Indies v. England ,Bourda ,West Indies won by 6 wickets
03/04/1990,1989-1990 West Indies v. England ,Kensington Oval ,West Indies won by 4 wickets
15/03/1990,1989-1990 Georgetown Test Replacement Match (v. West Indies) ,Bourda ,West Indies won by 7 wickets
23/05/1990,1990 Texaco Trophy (v. New Zealand) ,Headingley ,New Zealand won by 4 wickets
25/05/1990,1990 Texaco Trophy (v. New Zealand) ,Kennington Oval ,England won by 6 wickets
18/07/1990,1990 Texaco Trophy (v. India) ,Headingley ,India won by 6 wickets
20/07/1990,1990 Texaco Trophy (v. India) ,Trent Bridge ,India won by 5 wickets
01/12/1990,1990-1991 Benson & Hedges World Series (v. New Zealand) ,Adelaide Oval ,New Zealand won by 7 runs
07/12/1990,1990-1991 Benson & Hedges World Series (v. New Zealand) ,WACA Ground ,England won by 4 wickets
09/12/1990,1990-1991 Benson & Hedges World Series (v. Australia) ,WACA Ground ,Australia won by 6 wickets
13/12/1990,1990-1991 Benson & Hedges World Series (v. New Zealand) ,Sydney Cricket Ground ,England won by 33 runs
15/12/1990,1990-1991 Benson & Hedges World Series (v. New Zealand) ,Brisbane Cricket Ground ,New Zealand won by 8 wickets
16/12/1990,1990-1991 Benson & Hedges World Series (v. Australia) ,Brisbane Cricket Ground ,Australia won by 37 runs
01/01/1991,1990-1991 Benson & Hedges World Series (v. Australia) ,Sydney Cricket Ground ,Australia won by 68 runs
10/01/1991,1990-1991 Benson & Hedges World Series (v. Australia) ,Melbourne Cricket Ground ,Australia won by 3 runs
09/02/1991,1990-1991 New Zealand v. England ,AMI Stadium ,England won by 14 runs
13/02/1991,1990-1991 New Zealand v. England ,Basin Reserve ,New Zealand won by 9 runs
16/02/1991,1990-1991 New Zealand v. England ,Eden Park ,New Zealand won by 7 runs
23/05/1991,1991 Texaco Trophy (v. West Indies) ,Edgbaston ,England won by 1 wicket
25/05/1991,1991 Texaco Trophy (v. West Indies) ,Old Trafford ,England won by 9 runs
27/05/1991,1991 Texaco Trophy (v. West Indies) ,Lord's ,England won by 7 wickets
11/01/1992,1991-1992 New Zealand v. England ,Eden Park ,England won by 7 wickets
12/02/1992,1991-1992 New Zealand v. England ,Carisbrook ,England won by 3 wickets
15/02/1992,1991-1992 New Zealand v. England ,AMI Stadium ,England won by 71 runs
22/02/1992,1991-1992 Benson & Hedges World Cup (v. India) ,WACA Ground ,England won by 9 runs
27/02/1992,1991-1992 Benson & Hedges World Cup (v. West Indies) ,Melbourne Cricket Ground ,England won by 6 wickets
01/03/1992,1991-1992 Benson & Hedges World Cup (v. Pakistan) ,Adelaide Oval ,No Result
05/03/1992,1991-1992 Benson & Hedges World Cup (v. Australia) ,Sydney Cricket Ground ,England won by 8 wickets
09/03/1992,1991-1992 Benson & Hedges World Cup (v. Sri Lanka) ,Eastern Oval ,England won by 106 runs
12/03/1992,1991-1992 Benson & Hedges World Cup (v. South Africa) ,Melbourne Cricket Ground ,England won by 3 wickets
15/03/1992,1991-1992 Benson & Hedges World Cup (v. New Zealand) ,Basin Reserve ,New Zealand won by 7 wickets
18/03/1992,1991-1992 Benson & Hedges World Cup (v. Zimbabwe) ,Lavington Sports Oval ,Zimbabwe won by 9 runs
22/03/1992,1991-1992 Benson & Hedges World Cup (v. South Africa) ,Sydney Cricket Ground ,England won by 19 runs
25/03/1992,1991-1992 Benson & Hedges World Cup (v. Pakistan) ,Melbourne Cricket Ground ,Pakistan won by 22 runs
20/05/1992,1992 Texaco Tophy (v. Pakistan) ,Lord's ,England won by 79 runs
22/05/1992,1992 Texaco Tophy (v. Pakistan) ,Kennington Oval ,England won by 39 runs
20/08/1992,1992 Texaco Tophy (v. Pakistan) ,Trent Bridge ,England won by 198 runs
22/08/1992,1992 Texaco Tophy (v. Pakistan) ,Lord's ,Pakistan won by 3 runs
24/08/1992,1992 Texaco Tophy (v. Pakistan) ,Old Trafford ,England won by 6 wickets
18/01/1993,1992-1993 India v. England ,Sawai Mansingh Stadium ,England won by 4 wickets
21/01/1993,1992-1993 India v. England ,Sector 16 Stadium ,India won by 5 wickets
26/02/1993,1992-1993 India v. England ,M Chinnaswamy Stadium ,England won by 48 runs
01/03/1993,1992-1993 India v. England ,Keenan Stadium ,England won by 6 wickets
04/03/1993,1992-1993 India v. England ,Captain Roop Singh Stadium ,India won by 3 wickets
05/03/1993,1992-1993 India v. England ,Captain Roop Singh Stadium ,India won by 4 wickets
10/03/1993,1992-1993 Sri Lanka v. England ,R Premadasa Stadium ,Sri Lanka won by 32 runs
20/03/1993,1992-1993 Sri Lanka v. England ,Tyronne Fernando Stadium ,Sri Lanka won by 8 wickets
19/05/1993,1993 Texaco Trophy (v. Australia) ,Old Trafford ,Australia won by 4 runs
21/05/1993,1993 Texaco Trophy (v. Australia) ,Edgbaston ,Australia won by 6 wickets
23/05/1993,1993 Texaco Trophy (v. Australia) ,Lord's ,Australia won by 19 runs
16/02/1994,1993-1994 West Indies v. England ,Kensington Oval ,England won by 61 runs
26/02/1994,1993-1994 West Indies v. England ,Sabina Park ,West Indies won by 3 wickets
02/03/1994,1993-1994 West Indies v. England ,Arnos Vale Ground ,West Indies won by 165 runs
05/03/1994,1993-1994 West Indies v. England ,Queen's Park Oval ,West Indies won by 15 runs
06/03/1994,1993-1994 West Indies v. England ,Queen's Park Oval ,England won by 5 wickets
19/05/1994,1994 Texaco Trophy (v. New Zealand) ,Edgbaston ,England won by 42 runs
25/08/1994,1994 Texaco Trophy (v. South Africa) ,Edgbaston ,England won by 6 wickets
27/08/1994,1994 Texaco Trophy (v. South Africa) ,Old Trafford ,England won by 4 wickets
06/12/1994,1994-1995 Benson & Hedges World Series (v. Australia) ,Sydney Cricket Ground ,Australia won by 28 runs
15/12/1994,1994-1995 Benson & Hedges World Series (v. Zimbabwe) ,Sydney Cricket Ground ,Zimbabwe won by 13 runs
07/01/1995,1994-1995 Benson & Hedges World Series (v. Zimbabwe) ,Brisbane Cricket Ground ,England won by 26 runs
10/01/1995,1994-1995 Benson & Hedges World Series (v. Australia) ,Melbourne Cricket Ground ,England won by 37 runs
24/05/1995,1995 Texaco Trophy (v. West Indies) ,Trent Bridge ,West Indies won by 5 wickets
26/05/1995,1995 Texaco Trophy (v. West Indies) ,Kennington Oval ,England won by 25 runs
28/05/1995,1995 Texaco Trophy (v. West Indies) ,Lord's ,England won by 73 runs
09/01/1996,1995-1996 South Africa v. England ,Newlands ,South Africa won by 6 runs
11/01/1996,1995-1996 South Africa v. England ,Mangaung Oval ,England won by 5 wickets
13/01/1996,1995-1996 South Africa v. England ,Wanderers Stadium ,South Africa won by 3 wickets
14/01/1996,1995-1996 South Africa v. England ,SuperSport Park ,South Africa won by 7 wickets
17/01/1996,1995-1996 South Africa v. England ,Kingsmead ,South Africa won by 5 wickets
19/01/1996,1995-1996 South Africa v. England ,Buffalo Park ,South Africa won by 14 runs
21/01/1996,1995-1996 South Africa v. England ,St George's Park ,South Africa won by 64 runs
14/02/1996,1995-1996 Wills World Cup (v. New Zealand) ,Sardar Patel Stadium ,New Zealand won by 11 runs
18/02/1996,1995-1996 Wills World Cup (v. United Arab Emirates) ,Arbab Niaz Stadium ,England won by 8 wickets
22/02/1996,1995-1996 Wills World Cup (v. Netherlands) ,Arbab Niaz Stadium ,England won by 49 runs
25/02/1996,1995-1996 Wills World Cup (v. South Africa) ,Rawalpindi Cricket Stadium ,South Africa won by 78 runs
03/03/1996,1995-1996 Wills World Cup (v. Pakistan) ,National Stadium (Karachi) ,Pakistan won by 7 wickets
09/03/1996,1995-1996 Wills World Cup (v. Sri Lanka) ,Iqbal Stadium ,Sri Lanka won by 5 wickets
23/05/1996,1996 Texaco Trophy (v. India) ,Kennington Oval ,No Result
25/05/1996,1996 Texaco Trophy (v. India) ,Headingley ,England won by 6 wickets
26/05/1996,1996 Texaco Trophy (v. India) ,Old Trafford ,England won by 4 wickets
29/08/1996,1996 Texaco Trophy (v. Pakistan) ,Old Trafford ,England won by 5 wickets
31/08/1996,1996 Texaco Trophy (v. Pakistan) ,Edgbaston ,England won by 107 runs
01/09/1996,1996 Texaco Trophy (v. Pakistan) ,Trent Bridge ,Pakistan won by 2 wickets
15/12/1996,1996-1997 Zimbabwe v. England ,Queens Sports Club ,Zimbabwe won by 2 wickets
01/01/1997,1996-1997 Zimbabwe v. England ,Harare Sports Club ,Zimbabwe won by 7 runs
03/01/1997,1996-1997 Zimbabwe v. England ,Harare Sports Club ,Zimbabwe won by 131 runs
20/02/1997,1996-1997 New Zealand v. England ,AMI Stadium ,England won by 4 wickets
23/02/1997,1996-1997 New Zealand v. England ,Eden Park ,England won by 6 wickets
26/02/1997,1996-1997 New Zealand v. England ,McLean Park ,Match Tied
02/03/1997,1996-1997 New Zealand v. England ,Eden Park ,New Zealand won by 9 runs
04/03/1997,1996-1997 New Zealand v. England ,Basin Reserve ,New Zealand won by 28 runs
22/05/1997,1997 Texaco Trophy (v. Australia) ,Headingley ,England won by 6 wickets
24/05/1997,1997 Texaco Trophy (v. Australia) ,Kennington Oval ,England won by 6 wickets
25/05/1997,1997 Texaco Trophy (v. Australia) ,Lord's ,England won by 6 wickets
11/12/1997,1997-1998 Akai-Singer Champions Trophy (v. India) ,Sharjah Cricket Stadium ,England won by 7 runs
13/12/1997,1997-1998 Akai-Singer Champions Trophy (v. West Indies) ,Sharjah Cricket Stadium ,England won by 4 wickets
15/12/1997,1997-1998 Akai-Singer Champions Trophy (v. Pakistan) ,Sharjah Cricket Stadium ,England won by 8 runs
19/12/1997,1997-1998 Akai-Singer Champions Trophy (v. West Indies) ,Sharjah Cricket Stadium ,England won by 3 wickets
29/03/1998,1997-1998 West Indies v. England ,Kensington Oval ,England won by 16 runs
01/04/1998,1997-1998 West Indies v. England ,Kensington Oval ,West Indies won by 1 wicket
04/04/1998,1997-1998 West Indies v. England ,Arnos Vale Ground ,West Indies won by 5 wickets
05/04/1998,1997-1998 West Indies v. England ,Arnos Vale Ground ,West Indies won by 4 wickets
08/04/1998,1997-1998 West Indies v. England ,Queen's Park Oval ,West Indies won by 57 runs
21/05/1998,1998 Texaco Trophy (v. South Africa) ,Kennington Oval ,South Africa won by 3 wickets
23/05/1998,1998 Texaco Trophy (v. South Africa) ,Old Trafford ,South Africa won by 32 runs
24/05/1998,1998 Texaco Trophy (v. South Africa) ,Headingley ,England won by 7 wickets
16/08/1998,1998 Emirates Triangular Tournament (v. Sri Lanka) ,Lord's ,England won by 36 runs
18/08/1998,1998 Emirates Triangular Tournament (v. South Africa) ,Edgbaston ,South Africa won by 14 runs
20/08/1998,1998 Emirates Triangular Tournament (v. Sri Lanka) ,Lord's ,Sri Lanka won by 5 wickets
25/10/1998,1998-1999 Wills International Cup (v. South Africa) ,Bangabandhu National Stadium ,South Africa won by 6 wickets
10/01/1999,1998-1999 Carlton & United Series (v. Australia) ,Brisbane Cricket Ground ,England won by 7 runs
11/01/1999,1998-1999 Carlton & United Series (v. Sri Lanka) ,Brisbane Cricket Ground ,England won by 4 wickets
15/01/1999,1998-1999 Carlton & United Series (v. Australia) ,Melbourne Cricket Ground ,Australia won by 9 wickets
17/01/1999,1998-1999 Carlton & United Series (v. Australia) ,Sydney Cricket Ground ,England won by 7 runs
19/01/1999,1998-1999 Carlton & United Series (v. Sri Lanka) ,Melbourne Cricket Ground ,England won by 7 wickets
23/01/1999,1998-1999 Carlton & United Series (v. Sri Lanka) ,Adelaide Oval ,Sri Lanka won by 1 wicket
26/01/1999,1998-1999 Carlton & United Series (v. Australia) ,Adelaide Oval ,Australia won by 16 runs
29/01/1999,1998-1999 Carlton & United Series (v. Sri Lanka) ,WACA Ground ,England won by 128 runs
03/02/1999,1998-1999 Carlton & United Series (v. Sri Lanka) ,Sydney Cricket Ground ,Sri Lanka won by 11 runs
05/02/1999,1998-1999 Carlton & United Series (v. Australia) ,Sydney Cricket Ground ,Australia won by 4 wickets
10/02/1999,1998-1999 Carlton & United Series (v. Australia) ,Sydney Cricket Ground ,Australia won by 10 runs
13/02/1999,1998-1999 Carlton & United Series (v. Australia) ,Melbourne Cricket Ground ,Australia won by 162 runs
07/04/1999,1998-1999 Coca-Cola Cup (v. Pakistan) ,Sharjah Cricket Stadium ,Pakistan won by 90 runs
09/04/1999,1998-1999 Coca-Cola Cup (v. India) ,Sharjah Cricket Stadium ,India won by 20 runs
11/04/1999,1998-1999 Coca-Cola Cup (v. India) ,Sharjah Cricket Stadium ,India won by 9 runs
12/04/1999,1998-1999 Coca-Cola Cup (v. Pakistan) ,Sharjah Cricket Stadium ,England won by 62 runs
14/05/1999,1999 ICC World Cup (v. Sri Lanka) ,Lord's ,England won by 8 wickets
18/05/1999,1999 ICC World Cup (v. Kenya) ,St Lawrence Ground ,England won by 9 wickets
22/05/1999,1999 ICC World Cup (v. South Africa) ,Kennington Oval ,South Africa won by 122 runs
25/05/1999,1999 ICC World Cup (v. Zimbabwe) ,Trent Bridge ,England won by 7 wickets
29/05/1999,1999 ICC World Cup (v. India) ,Edgbaston ,India won by 63 runs
23/01/2000,1999-2000 Standard Bank Triangular Tournament (v. South Africa) ,Mangaung Oval ,England won by 9 wickets
26/01/2000,1999-2000 Standard Bank Triangular Tournament (v. South Africa) ,Newlands ,South Africa won by 1 run
28/01/2000,1999-2000 Standard Bank Triangular Tournament (v. Zimbabwe) ,Newlands ,Zimbabwe won by 104 runs
30/01/2000,1999-2000 Standard Bank Triangular Tournament (v. Zimbabwe) ,Diamond Oval ,England won by 8 wickets
04/02/2000,1999-2000 Standard Bank Triangular Tournament (v. South Africa) ,Buffalo Park ,South Africa won by 2 wickets
13/02/2000,1999-2000 Standard Bank Triangular Tournament (v. South Africa) ,Wanderers Stadium ,South Africa won by 38 runs
16/02/2000,1999-2000 Zimbabwe v. England ,Queens Sports Club ,England won by 5 wickets
18/02/2000,1999-2000 Zimbabwe v. England ,Queens Sports Club ,England won by 1 wicket
20/02/2000,1999-2000 Zimbabwe v. England ,Harare Sports Club ,England won by 85 runs
08/07/2000,2000 NatWest Series (v. Zimbabwe) ,Kennington Oval ,Zimbabwe won by 5 wickets
09/07/2000,2000 NatWest Series (v. West Indies) ,Lord's ,No Result
13/07/2000,2000 NatWest Series (v. Zimbabwe) ,Old Trafford ,England won by 8 wickets
15/07/2000,2000 NatWest Series (v. West Indies) ,Riverside Ground ,England won by 10 wickets
18/07/2000,2000 NatWest Series (v. Zimbabwe) ,Edgbaston ,England won by 52 runs
20/07/2000,2000 NatWest Series (v. West Indies) ,Trent Bridge ,West Indies won by 3 runs
22/07/2000,2000 NatWest Series (v. Zimbabwe) ,Lord's ,England won by 6 wickets
05/10/2000,2000-2001 ICC Knock-Out (v. Bangladesh) ,Gymkhana Club Ground ,England won by 8 wickets
10/10/2000,2000-2001 ICC Knock-Out (v. South Africa) ,Gymkhana Club Ground ,South Africa won by 8 wickets
24/10/2000,2000-2001 Pakistan v. England ,National Stadium (Karachi) ,England won by 5 wickets
27/10/2000,2000-2001 Pakistan v. England ,Gaddafi Stadium ,Pakistan won by 8 wickets
30/10/2000,2000-2001 Pakistan v. England ,Rawalpindi Cricket Stadium ,Pakistan won by 6 wickets
23/03/2001,2000-2001 Sri Lanka v. England ,Rangiri Dambulla International Stadium ,Sri Lanka won by 5 wickets
25/03/2001,2000-2001 Sri Lanka v. England ,R Premadasa Stadium ,Sri Lanka won by 66 runs
27/03/2001,2000-2001 Sri Lanka v. England ,Sinhalese Sports Club Ground ,Sri Lanka won by 10 wickets
07/06/2001,2001 NatWest Series (v. Pakistan) ,Edgbaston ,Pakistan won by 108 runs
10/06/2001,2001 NatWest Series (v. Australia) ,County Ground (Bristol) ,Australia won by 5 wickets
12/06/2001,2001 NatWest Series (v. Pakistan) ,Lord's ,Pakistan won by 2 runs
14/06/2001,2001 NatWest Series (v. Australia) ,Old Trafford ,Australia won by 125 runs
17/06/2001,2001 NatWest Series (v. Pakistan) ,Headingley ,Pakistan won (england conceded match)
21/06/2001,2001 NatWest Series (v. Australia) ,Kennington Oval ,Australia won by 8 wickets
03/10/2001,2001-2002 Zimbabwe v. England ,Harare Sports Club ,England won by 5 wickets
06/10/2001,2001-2002 Zimbabwe v. England ,Harare Sports Club ,England won by 8 wickets
07/10/2001,2001-2002 Zimbabwe v. England ,Harare Sports Club ,England won by 4 wickets
10/10/2001,2001-2002 Zimbabwe v. England ,Queens Sports Club ,England won by 70 runs
13/10/2001,2001-2002 Zimbabwe v. England ,Queens Sports Club ,England won by 7 wickets
19/01/2002,2001-2002 India v. England ,Eden Gardens ,India won by 22 runs
22/01/2002,2001-2002 India v. England ,Barabati Stadium ,England won by 16 runs
25/01/2002,2001-2002 India v. England ,MA Chidambaram Stadium ,India won by 4 wickets
28/01/2002,2001-2002 India v. England ,Green Park ,India won by 8 wickets
31/01/2002,2001-2002 India v. England ,Arun Jaitley Stadium ,England won by 2 runs
03/02/2002,2001-2002 India v. England ,Wankhede Stadium ,England won by 5 runs
13/02/2002,2001-2002 New Zealand v. England ,AMI Stadium ,New Zealand won by 4 wickets
16/02/2002,2001-2002 New Zealand v. England ,Westpac Stadium ,New Zealand won by 155 runs
20/02/2002,2001-2002 New Zealand v. England ,McLean Park ,England won by 43 runs
23/02/2002,2001-2002 New Zealand v. England ,Eden Park ,England won by 33 runs
26/02/2002,2001-2002 New Zealand v. England ,Carisbrook ,New Zealand won by 5 wickets
27/06/2002,2002 NatWest Series (v. Sri Lanka) ,Trent Bridge ,England won by 44 runs
29/06/2002,2002 NatWest Series (v. India) ,Lord's ,India won by 6 wickets
02/07/2002,2002 NatWest Series (v. Sri Lanka) ,Headingley ,England won by 3 wickets
04/07/2002,2002 NatWest Series (v. India) ,Riverside Ground ,No Result
07/07/2002,2002 NatWest Series (v. Sri Lanka) ,Old Trafford ,Sri Lanka won by 23 runs
09/07/2002,2002 NatWest Series (v. India) ,Kennington Oval ,England won by 64 runs
13/07/2002,2002 NatWest Series (v. India) ,Lord's ,India won by 2 wickets
18/09/2002,2002-2003 ICC Champions Trophy (v. Zimbabwe) ,R Premadasa Stadium ,England won by 108 runs
22/09/2002,2002-2003 ICC Champions Trophy (v. India) ,R Premadasa Stadium ,India won by 8 wickets
13/12/2002,2002-2003 Australia v. England ,Sydney Cricket Ground ,Australia won by 7 wickets
15/12/2002,2002-2003 Australia v. England ,Melbourne Cricket Ground ,Australia won by 89 runs
17/12/2002,2002-2003 England v. Sri Lanka ,Brisbane Cricket Ground ,England won by 43 runs
20/12/2002,2002-2003 England v. Sri Lanka ,WACA Ground ,England won by 95 runs
11/01/2003,2002-2003 Australia v. England ,Bellerive Oval ,Australia won by 7 runs
13/01/2003,2002-2003 Sri Lanka v. England ,Sydney Cricket Ground ,Sri Lanka won by 31 runs
17/01/2003,2002-2003 Sri Lanka v. England ,Adelaide Oval ,England won by 19 runs
19/01/2003,2002-2003 Australia v. England ,Adelaide Oval ,Australia won by 4 wickets
23/01/2003,2002-2003 Australia v. England ,Sydney Cricket Ground ,Australia won by 10 wickets
25/01/2003,2002-2003 Australia v. England ,Melbourne Cricket Ground ,Australia won by 5 runs
13/02/2003,2002-2003 ICC World Cup (v. Zimbabwe) ,Harare Sports Club ,Zimbabwe won by default
16/02/2003,2002-2003 ICC World Cup (v. Netherlands) ,Buffalo Park ,England won by 6 wickets
19/02/2003,2002-2003 ICC World Cup (v. Namibia) ,St George's Park ,England won by 55 runs
22/02/2003,2002-2003 ICC World Cup (v. Pakistan) ,Newlands ,England won by 112 runs
26/02/2003,2002-2003 ICC World Cup (v. India) ,Kingsmead ,India won by 82 runs
02/03/2003,2002-2003 ICC World Cup (v. Australia) ,St George's Park ,Australia won by 2 wickets
17/06/2003,2003 NatWest Challenge (v. Pakistan) ,Old Trafford ,Pakistan won by 2 wickets
20/06/2003,2003 NatWest Challenge (v. Pakistan) ,Kennington Oval ,England won by 7 wickets
22/06/2003,2003 NatWest Challenge (v. Pakistan) ,Lord's ,England won by 4 wickets
26/06/2003,2003 Natwest Series (v. Zimbabwe) ,Trent Bridge ,Zimbabwe won by 4 wickets
28/06/2003,2003 Natwest Series (v. South Africa) ,Kennington Oval ,England won by 6 wickets
01/07/2003,2003 Natwest Series (v. Zimbabwe) ,Headingley ,No Result
03/07/2003,2003 Natwest Series (v. South Africa) ,Old Trafford ,South Africa won by 7 wickets
06/07/2003,2003 Natwest Series (v. Zimbabwe) ,County Ground (Bristol) ,England won by 6 wickets
08/07/2003,2003 Natwest Series (v. South Africa) ,Edgbaston ,England won by 4 wickets
12/07/2003,2003 Natwest Series (v. South Africa) ,Lord's ,England won by 7 wickets
07/11/2003,2003-2004 Bangladesh v. England ,MA Aziz Stadium ,England won by 7 wickets
10/11/2003,2003-2004 Bangladesh v. England ,Bangabandhu National Stadium ,England won by 7 wickets
12/11/2003,2003-2004 Bangladesh v. England ,Bangabandhu National Stadium ,England won by 7 wickets
18/11/2003,2003-2004 Sri Lanka v. England ,Rangiri Dambulla International Stadium ,Sri Lanka won by 10 wickets
18/04/2004,2003-2004 West Indies v. England ,Bourda ,England won by 2 wickets
24/04/2004,2003-2004 West Indies v. England ,Queen's Park Oval ,No Result
01/05/2004,2003-2004 West Indies v. England ,Darren Sammy National Cricket Stadium ,West Indies won by 5 wickets
02/05/2004,2003-2004 West Indies v. England ,Darren Sammy National Cricket Stadium ,West Indies won by 4 wickets
05/05/2004,2003-2004 West Indies v. England ,Kensington Oval ,England won by 5 wickets
27/06/2004,2004 Natwest Series (v. West Indies) ,Trent Bridge ,West Indies won by 7 wickets
29/06/2004,2004 Natwest Series (v. New Zealand) ,Riverside Ground ,New Zealand won by 7 wickets
01/07/2004,2004 Natwest Series (v. West Indies) ,Headingley ,England won by 3 wickets
04/07/2004,2004 Natwest Series (v. New Zealand) ,County Ground (Bristol) ,New Zealand won by 6 wickets
06/07/2004,2004 Natwest Series (v. West Indies) ,Lord's ,West Indies won by 7 wickets
01/09/2004,2004 NatWest Challenge (v. India) ,Trent Bridge ,England won by 7 wickets
03/09/2004,2004 NatWest Challenge (v. India) ,Kennington Oval ,England won by 70 runs
05/09/2004,2004 NatWest Challenge (v. India) ,Lord's ,India won by 23 runs
10/09/2004,2004 ICC Champions Trophy (v. Zimbabwe) ,Edgbaston ,England won by 152 runs
17/09/2004,2004 ICC Champions Trophy (v. Sri Lanka) ,The Rose Bowl ,England won by 49 runs
20/09/2004,2004 ICC Champions Trophy (v. Australia) ,Edgbaston ,England won by 6 wickets
25/09/2004,2004 ICC Champions Trophy (v. West Indies) ,Kennington Oval ,West Indies won by 2 wickets
28/11/2004,2004-2005 Zimbabwe v. England ,Harare Sports Club ,England won by 5 wickets
01/12/2004,2004-2005 Zimbabwe v. England ,Harare Sports Club ,England won by 161 runs
04/12/2004,2004-2005 Zimbabwe v. England ,Queens Sports Club ,England won by 8 wickets
05/12/2004,2004-2005 Zimbabwe v. England ,Queens Sports Club ,England won by 74 runs
30/01/2005,2004-2005 South Africa v. England ,Wanderers Stadium ,England won by 26 runs
02/02/2005,2004-2005 South Africa v. England ,Mangaung Oval ,Match Tied
04/02/2005,2004-2005 South Africa v. England ,St George's Park ,South Africa won by 3 wickets
06/02/2005,2004-2005 South Africa v. England ,Newlands ,South Africa won by 108 runs
09/02/2005,2004-2005 South Africa v. England ,Buffalo Park ,South Africa won by 7 runs
11/02/2005,2004-2005 South Africa v. England ,Kingsmead ,No Result
13/02/2005,2004-2005 South Africa v. England ,SuperSport Park ,South Africa won by 3 wickets
16/06/2005,2005 Natwest Series (v. Bangladesh) ,Kennington Oval ,England won by 10 wickets
19/06/2005,2005 Natwest Series (v. Australia) ,County Ground (Bristol) ,England won by 3 wickets
21/06/2005,2005 Natwest Series (v. Bangladesh) ,Trent Bridge ,England won by 168 runs
23/06/2005,2005 Natwest Series (v. Australia) ,Riverside Ground ,Australia won by 57 runs
26/06/2005,2005 Natwest Series (v. Bangladesh) ,Headingley ,England won by 5 wickets
28/06/2005,2005 Natwest Series (v. Australia) ,Edgbaston ,No Result
02/07/2005,2005 Natwest Series (v. Australia) ,Lord's ,Match Tied
07/07/2005,2005 NatWest Challenge (v. Australia) ,Headingley ,England won by 9 wickets
10/07/2005,2005 NatWest Challenge (v. Australia) ,Lord's ,Australia won by 7 wickets
12/07/2005,2005 NatWest Challenge (v. Australia) ,Kennington Oval ,Australia won by 8 wickets
10/12/2005,2005-2006 Pakistan v. England ,Gaddafi Stadium ,England won by 42 runs
12/12/2005,2005-2006 Pakistan v. England ,Gaddafi Stadium ,Pakistan won by 7 wickets
15/12/2005,2005-2006 Pakistan v. England ,National Stadium (Karachi) ,Pakistan won by 165 runs
19/12/2005,2005-2006 Pakistan v. England ,Rawalpindi Cricket Stadium ,Pakistan won by 13 runs
21/12/2005,2005-2006 Pakistan v. England ,Rawalpindi Cricket Stadium ,England won by 6 runs
28/03/2006,2005-2006 India v. England ,Arun Jaitley Stadium ,India won by 39 runs
31/03/2006,2005-2006 India v. England ,Nahar Singh Stadium ,India won by 4 wickets
03/04/2006,2005-2006 India v. England ,Nehru Stadium (Margao) ,India won by 49 runs
06/04/2006,2005-2006 India v. England ,Nehru Stadium (Kochi) ,India won by 4 wickets
12/04/2006,2005-2006 India v. England ,Keenan Stadium ,England won by 5 wickets
15/04/2006,2005-2006 India v. England ,Holkar Cricket Stadium ,India won by 7 wickets
13/06/2006,2005 Ireland v. England ,Civil Service Cricket Club ,England won by 38 runs
17/06/2006,2006 England v. Sri Lanka ,Lord's ,Sri Lanka won by 20 runs
20/06/2006,2006 England v. Sri Lanka ,Kennington Oval ,Sri Lanka won by 46 runs
24/06/2006,2006 England v. Sri Lanka ,Riverside Ground ,Sri Lanka won by 8 wickets
28/06/2006,2006 England v. Sri Lanka ,Old Trafford ,Sri Lanka won by 33 runs
01/07/2006,2006 England v. Sri Lanka ,Headingley ,Sri Lanka won by 8 wickets
30/08/2006,2006 NatWest Series (v. Pakistan) ,Sophia Gardens ,No Result
02/09/2006,2006 NatWest Series (v. Pakistan) ,Lord's ,Pakistan won by 7 wickets
05/09/2006,2006 NatWest Series (v. Pakistan) ,The Rose Bowl ,Pakistan won by 2 wickets
08/09/2006,2006 NatWest Series (v. Pakistan) ,Trent Bridge ,England won by 8 wickets
10/09/2006,2006 NatWest Series (v. Pakistan) ,Edgbaston ,England won by 3 wickets
15/10/2006,2006-2007 ICC Champions Trophy (v. India) ,Sawai Mansingh Stadium ,India won by 4 wickets
21/10/2006,2006-2007 ICC Champions Trophy (v. Australia) ,Sawai Mansingh Stadium ,Australia won by 6 wickets
28/10/2006,2006-2007 ICC Champions Trophy (v. West Indies) ,Sardar Patel Stadium ,England won by 3 wickets
12/01/2007,2006-2007 Commonwealth Bank Series (v. Australia) ,Melbourne Cricket Ground ,Australia won by 8 wickets
16/01/2007,2006-2007 Commonwealth Bank Series (v. New Zealand) ,Bellerive Oval ,England won by 3 wickets
19/01/2007,2006-2007 Commonwealth Bank Series (v. Australia) ,Brisbane Cricket Ground ,Australia won by 4 wickets
23/01/2007,2006-2007 Commonwealth Bank Series (v. New Zealand) ,Adelaide Oval ,New Zealand won by 90 runs
26/01/2007,2006-2007 Commonwealth Bank Series (v. Australia) ,Adelaide Oval ,Australia won by 9 wickets
30/01/2007,2006-2007 Commonwealth Bank Series (v. New Zealand) ,WACA Ground ,New Zealand won by 58 runs
02/02/2007,2006-2007 Commonwealth Bank Series (v. Australia) ,Sydney Cricket Ground ,England won by 92 runs
06/02/2007,2006-2007 Commonwealth Bank Series (v. New Zealand) ,Brisbane Cricket Ground ,England won by 14 runs
09/02/2007,2006-2007 Commonwealth Bank Series (v. Australia) ,Melbourne Cricket Ground ,England won by 4 wickets
11/02/2007,2006-2007 Commonwealth Bank Series (v. Australia) ,Sydney Cricket Ground ,England won by 34 runs
16/03/2007,2006-2007 ICC World Cup (v. New Zealand) ,Darren Sammy National Cricket Stadium ,New Zealand won by 6 wickets
18/03/2007,2006-2007 ICC World Cup (v. Canada) ,Darren Sammy National Cricket Stadium ,England won by 51 runs
24/03/2007,2006-2007 ICC World Cup (v. Kenya) ,Darren Sammy National Cricket Stadium ,England won by 7 wickets
30/03/2007,2006-2007 ICC World Cup (v. Ireland) ,Providence Stadium ,England won by 48 runs
04/04/2007,2006-2007 ICC World Cup (v. Sri Lanka) ,Sir Vivian Richards Stadium ,Sri Lanka won by 2 runs
08/04/2007,2006-2007 ICC World Cup (v. Australia) ,Sir Vivian Richards Stadium ,Australia won by 7 wickets
11/04/2007,2006-2007 ICC World Cup (v. Bangladesh) ,Kensington Oval ,England won by 4 wickets
17/04/2007,2006-2007 ICC World Cup (v. South Africa) ,Kensington Oval ,South Africa won by 9 wickets
21/04/2007,2006-2007 ICC World Cup (v. West Indies) ,Kensington Oval ,England won by 1 wicket
01/07/2007,2007 Natwest Series (v. West Indies) ,Lord's ,England won by 79 runs
04/07/2007,2007 Natwest Series (v. West Indies) ,Edgbaston ,West Indies won by 61 runs
07/07/2007,2007 Natwest Series (v. West Indies) ,Trent Bridge ,West Indies won by 93 runs
21/08/2007,2007 England v. India ,The Rose Bowl ,England won by 104 runs
24/08/2007,2007 England v. India ,County Ground (Bristol) ,India won by 9 runs
27/08/2007,2007 England v. India ,Edgbaston ,England won by 42 runs
30/08/2007,2007 England v. India ,Old Trafford ,England won by 3 wickets
02/09/2007,2007 England v. India ,Headingley ,India won by 38 runs
05/09/2007,2007 England v. India ,Kennington Oval ,India won by 2 wickets
08/09/2007,2007 England v. India ,Lord's ,England won by 7 wickets
01/10/2007,2007-2008 Sri Lanka v. England ,Rangiri Dambulla International Stadium ,Sri Lanka won by 119 runs
04/10/2007,2007-2008 Sri Lanka v. England ,Rangiri Dambulla International Stadium ,England won by 65 runs
07/10/2007,2007-2008 Sri Lanka v. England ,Rangiri Dambulla International Stadium ,England won by 2 wickets
10/10/2007,2007-2008 Sri Lanka v. England ,R Premadasa Stadium ,England won by 5 wickets
13/10/2007,2007-2008 Sri Lanka v. England ,R Premadasa Stadium ,Sri Lanka won by 107 runs
09/02/2008,2007-2008 New Zealand v. England ,Westpac Stadium ,New Zealand won by 6 wickets
12/02/2008,2007-2008 New Zealand v. England ,Seddon Park ,New Zealand won by 10 wickets
15/02/2008,2007-2008 New Zealand v. England ,Eden Park ,England won by 6 wickets
20/02/2008,2007-2008 New Zealand v. England ,McLean Park ,Match Tied
23/02/2008,2007-2008 New Zealand v. England ,AMI Stadium ,New Zealand won by 34 runs
15/06/2008,2008 NatWest Series ENG v NZL (v. New Zealand) ,Riverside Ground ,England won by 114 runs
18/06/2008,2008 NatWest Series ENG v NZL (v. New Zealand) ,Edgbaston ,No Result
21/06/2008,2008 NatWest Series ENG v NZL (v. New Zealand) ,County Ground (Bristol) ,New Zealand won by 22 runs
25/06/2008,2008 NatWest Series ENG v NZL (v. New Zealand) ,Kennington Oval ,New Zealand won by 1 wicket
27/06/2008,2008 NatWest Series ENG v NZL (v. New Zealand) ,Lord's ,New Zealand won by 51 runs
18/08/2008,2008 Scotland v. England ,Grange Cricket Club ,No Result
22/08/2008,2008 NatWest Series ENG v SAF (v. South Africa) ,Headingley ,England won by 20 runs
26/08/2008,2008 NatWest Series ENG v SAF (v. South Africa) ,Trent Bridge ,England won by 10 wickets
29/08/2008,2008 NatWest Series ENG v SAF (v. South Africa) ,Kennington Oval ,England won by 126 runs
31/08/2008,2008 NatWest Series ENG v SAF (v. South Africa) ,Lord's ,England won by 7 wickets
03/09/2008,2008 NatWest Series ENG v SAF (v. South Africa) ,Sophia Gardens ,No Result
14/11/2008,2008-2009 India v. England ,Madhavrao Scindia Cricket Ground ,India won by 158 runs
17/11/2008,2008-2009 India v. England ,Holkar Cricket Stadium ,India won by 54 runs
20/11/2008,2008-2009 India v. England ,Green Park ,India won by 16 runs
23/11/2008,2008-2009 India v. England ,M Chinnaswamy Stadium ,India won by 19 runs
26/11/2008,2008-2009 India v. England ,Barabati Stadium ,India won by 6 wickets
20/03/2009,2008-2009 West Indies v. England ,Providence Stadium ,England won by 1 run
22/03/2009,2008-2009 West Indies v. England ,Providence Stadium ,West Indies won by 21 runs
27/03/2009,2008-2009 West Indies v. England ,Kensington Oval ,West Indies won by 8 wickets
29/03/2009,2008-2009 West Indies v. England ,Kensington Oval ,England won by 9 wickets
03/04/2009,2008-2009 West Indies v. England ,Darren Sammy National Cricket Stadium ,England won by 26 runs
24/05/2009,2009 Natwest Series ENG v WIN (v. West Indies) ,County Ground (Bristol) ,England won by 6 wickets
26/05/2009,2009 Natwest Series ENG v WIN (v. West Indies) ,Edgbaston ,England won by 58 runs
27/08/2009,2009 Ireland v. England ,Civil Service Cricket Club ,England won by 2 runs
04/09/2009,2009 Natwest Series ENG v AUS (v. Australia) ,Kennington Oval ,Australia won by 4 runs
06/09/2009,2009 Natwest Series ENG v AUS (v. Australia) ,Lord's ,Australia won by 39 runs
09/09/2009,2009 Natwest Series ENG v AUS (v. Australia) ,The Rose Bowl ,Australia won by 6 wickets
12/09/2009,2009 Natwest Series ENG v AUS (v. Australia) ,Lord's ,Australia won by 7 wickets
15/09/2009,2009 Natwest Series ENG v AUS (v. Australia) ,Trent Bridge ,Australia won by 4 wickets
17/09/2009,2009 Natwest Series ENG v AUS (v. Australia) ,Trent Bridge ,Australia won by 111 runs
20/09/2009,2009 Natwest Series ENG v AUS (v. Australia) ,Riverside Ground ,England won by 4 wickets
25/09/2009,2009-2010 ICC Champions Trophy (v. Sri Lanka) ,Wanderers Stadium ,England won by 6 wickets
27/09/2009,2009-2010 ICC Champions Trophy (v. South Africa) ,SuperSport Park ,England won by 22 runs
29/09/2009,2009-2010 ICC Champions Trophy (v. New Zealand) ,Wanderers Stadium ,New Zealand won by 4 wickets
02/10/2009,2009-2010 ICC Champions Trophy (v. Australia) ,SuperSport Park ,Australia won by 9 wickets
22/11/2009,2009-2010 South Africa v. England ,SuperSport Park ,England won by 7 wickets
27/11/2009,2009-2010 South Africa v. England ,Newlands ,South Africa won by 112 runs
29/11/2009,2009-2010 South Africa v. England ,St George's Park ,England won by 7 wickets
28/02/2010,2009-2010 Bangladesh v. England ,Shere Bangla National Stadium ,England won by 6 wickets
02/03/2010,2009-2010 Bangladesh v. England ,Shere Bangla National Stadium ,England won by 2 wickets
05/03/2010,2009-2010 Bangladesh v. England ,Zahur Ahmed Chowdhury Stadium ,England won by 45 runs
19/06/2010,2010 Scotland v. England ,Grange Cricket Club ,England won by 7 wickets
22/06/2010,2010 Natwest Series ENG v AUS (v. Australia) ,The Rose Bowl ,England won by 4 wickets
24/06/2010,2010 Natwest Series ENG v AUS (v. Australia) ,Sophia Gardens ,England won by 4 wickets
27/06/2010,2010 Natwest Series ENG v AUS (v. Australia) ,Old Trafford ,England won by 1 wicket
30/06/2010,2010 Natwest Series ENG v AUS (v. Australia) ,Kennington Oval ,Australia won by 78 runs
03/07/2010,2010 Natwest Series ENG v AUS (v. Australia) ,Lord's ,Australia won by 42 runs
08/07/2010,2010 Natwest Series ENG v BAN (v. Bangladesh) ,Trent Bridge ,England won by 6 wickets
10/07/2010,2010 Natwest Series ENG v BAN (v. Bangladesh) ,County Ground (Bristol) ,Bangladesh won by 5 runs
12/07/2010,2010 Natwest Series ENG v BAN (v. Bangladesh) ,Edgbaston ,England won by 144 runs
10/09/2010,2010 Natwest Series ENG v PAK (v. Pakistan) ,Riverside Ground ,England won by 24 runs
12/09/2010,2010 Natwest Series ENG v PAK (v. Pakistan) ,Headingley ,England won by 4 wickets
17/09/2010,2010 Natwest Series ENG v PAK (v. Pakistan) ,Kennington Oval ,Pakistan won by 23 runs
20/09/2010,2010 Natwest Series ENG v PAK (v. Pakistan) ,Lord's ,Pakistan won by 38 runs
22/09/2010,2010 Natwest Series ENG v PAK (v. Pakistan) ,The Rose Bowl ,England won by 121 runs
16/01/2011,2010-2011 Australia v. England ,Melbourne Cricket Ground ,Australia won by 6 wickets
21/01/2011,2010-2011 Australia v. England ,Bellerive Oval ,Australia won by 46 runs
23/01/2011,2010-2011 Australia v. England ,Sydney Cricket Ground ,Australia won by 4 wickets
26/01/2011,2010-2011 Australia v. England ,Adelaide Oval ,England won by 21 runs
30/01/2011,2010-2011 Australia v. England ,Brisbane Cricket Ground ,Australia won by 51 runs
02/02/2011,2010-2011 Australia v. England ,Sydney Cricket Ground ,Australia won by 2 wickets
06/02/2011,2010-2011 Australia v. England ,WACA Ground ,Australia won by 57 runs
22/02/2011,2010-2011 ICC World Cup (v. Netherlands) ,Vidarbha Cricket Association Stadium ,England won by 6 wickets
27/02/2011,2010-2011 ICC World Cup (v. India) ,M Chinnaswamy Stadium ,Match Tied
02/03/2011,2010-2011 ICC World Cup (v. Ireland) ,M Chinnaswamy Stadium ,Ireland won by 3 wickets
06/03/2011,2010-2011 ICC World Cup (v. South Africa) ,MA Chidambaram Stadium ,England won by 6 runs
11/03/2011,2010-2011 ICC World Cup (v. Bangladesh) ,Zahur Ahmed Chowdhury Stadium ,Bangladesh won by 2 wickets
17/03/2011,2010-2011 ICC World Cup (v. West Indies) ,MA Chidambaram Stadium ,England won by 18 runs
26/03/2011,2010-2011 ICC World Cup (v. Sri Lanka) ,R Premadasa Stadium ,Sri Lanka won by 10 wickets
28/06/2011,2011 England v. Sri Lanka ,Kennington Oval ,England won by 110 runs
01/07/2011,2011 England v. Sri Lanka ,Headingley ,Sri Lanka won by 69 runs
03/07/2011,2011 England v. Sri Lanka ,Lord's ,Sri Lanka won by 7 wickets
06/07/2011,2011 England v. Sri Lanka ,Trent Bridge ,England won by 10 wickets
09/07/2011,2011 England v. Sri Lanka ,Old Trafford ,England won by 16 runs
25/08/2011,2011 Ireland v. England ,Castle Avenue ,England won by 11 runs
03/09/2011,2011 England v. India ,Riverside Ground ,No Result
06/09/2011,2011 England v. India ,The Rose Bowl ,England won by 7 wickets
09/09/2011,2011 England v. India ,Kennington Oval ,England won by 3 wickets
11/09/2011,2011 England v. India ,Lord's ,Match Tied
16/09/2011,2011 England v. India ,Sophia Gardens ,England won by 6 wickets
14/10/2011,2011-2012 India v. England ,Rajiv Gandhi International Stadium ,India won by 126 runs
17/10/2011,2011-2012 India v. England ,Arun Jaitley Stadium ,India won by 8 wickets
20/10/2011,2011-2012 India v. England ,Punjab Cricket Association IS Bindra Stadium ,India won by 5 wickets
23/10/2011,2011-2012 India v. England ,Wankhede Stadium ,India won by 6 wickets
25/10/2011,2011-2012 India v. England ,Eden Gardens ,India won by 95 runs
13/02/2012,2011-2012 Pakistan v. England ,Sheikh Zayed Stadium ,England won by 130 runs
15/02/2012,2011-2012 Pakistan v. England ,Sheikh Zayed Stadium ,England won by 20 runs
18/02/2012,2011-2012 Pakistan v. England ,Dubai International Cricket Stadium ,England won by 9 wickets
21/02/2012,2011-2012 Pakistan v. England ,Dubai International Cricket Stadium ,England won by 4 wickets
16/06/2012,2012 England v. West Indies ,The Rose Bowl ,England won by 114 runs
19/06/2012,2012 England v. West Indies ,Kennington Oval ,England won by 8 wickets
29/06/2012,2012 England v. Australia ,Lord's ,England won by 15 runs
01/07/2012,2012 England v. Australia ,Kennington Oval ,England won by 6 wickets
07/07/2012,2012 England v. Australia ,Riverside Ground ,England won by 8 wickets
10/07/2012,2012 England v. Australia ,Old Trafford ,England won by 7 wickets
24/08/2012,2012 England v. South Africa ,Sophia Gardens ,No Result
28/08/2012,2012 England v. South Africa ,The Rose Bowl ,South Africa won by 80 runs
31/08/2012,2012 England v. South Africa ,Kennington Oval ,England won by 4 wickets
02/09/2012,2012 England v. South Africa ,Lord's ,England won by 6 wickets
05/09/2012,2012 England v. South Africa ,Trent Bridge ,South Africa won by 7 wickets
11/01/2013,2012-2013 India v. England ,Saurashtra Cricket Association Stadium ,England won by 9 runs
15/01/2013,2012-2013 India v. England ,Nehru Stadium (Kochi) ,India won by 127 runs
19/01/2013,2012-2013 India v. England ,JSCA International Stadium Complex ,India won by 7 wickets
23/01/2013,2012-2013 India v. England ,Punjab Cricket Association IS Bindra Stadium ,India won by 5 wickets
27/01/2013,2012-2013 India v. England ,Himachal Pradesh Cricket Association Stadium ,England won by 7 wickets
17/02/2013,2012-2013 New Zealand v. England ,Seddon Park ,New Zealand won by 3 wickets
20/02/2013,2012-2013 New Zealand v. England ,McLean Park ,England won by 8 wickets
23/02/2013,2012-2013 New Zealand v. England ,Eden Park ,England won by 5 wickets
31/05/2013,2013 England v. New Zealand ,Lord's ,New Zealand won by 5 wickets
02/06/2013,2013 England v. New Zealand ,The Rose Bowl ,New Zealand won by 86 runs
05/06/2013,2013 England v. New Zealand ,Trent Bridge ,England won by 34 runs
08/06/2013,2013 ICC Champions Trophy (v. Australia) ,Edgbaston ,England won by 48 runs
13/06/2013,2013 ICC Champions Trophy (v. Sri Lanka) ,Kennington Oval ,Sri Lanka won by 7 wickets
16/06/2013,2013 ICC Champions Trophy (v. New Zealand) ,Sophia Gardens ,England won by 10 runs
19/06/2013,2013 ICC Champions Trophy (v. South Africa) ,Kennington Oval ,England won by 7 wickets
23/06/2013,2013 ICC Champions Trophy (v. India) ,Edgbaston ,India won by 5 runs
03/09/2013,2013 Ireland v. England ,The Village ,England won by 6 wickets
08/09/2013,2013 England v. Australia ,Old Trafford ,Australia won by 88 runs
11/09/2013,2013 England v. Australia ,Edgbaston ,No Result
14/09/2013,2013 England v. Australia ,Sophia Gardens ,England won by 3 wickets
16/09/2013,2013 England v. Australia ,The Rose Bowl ,Australia won by 49 runs
12/01/2014,2013-2014 Australia v. England ,Melbourne Cricket Ground ,Australia won by 6 wickets
17/01/2014,2013-2014 Australia v. England ,Brisbane Cricket Ground ,Australia won by 1 wicket
19/01/2014,2013-2014 Australia v. England ,Sydney Cricket Ground ,Australia won by 7 wickets
24/01/2014,2013-2014 Australia v. England ,WACA Ground ,England won by 57 runs
26/01/2014,2013-2014 Australia v. England ,Adelaide Oval ,Australia won by 5 runs
28/02/2014,2013-2014 West Indies v. England ,Sir Vivian Richards Stadium ,West Indies won by 15 runs
02/03/2014,2013-2014 West Indies v. England ,Sir Vivian Richards Stadium ,England won by 3 wickets
05/03/2014,2013-2014 West Indies v. England ,Sir Vivian Richards Stadium ,England won by 25 runs
09/05/2014,2014 Scotland v. England ,Mannofield Park ,England won by 39 runs
22/05/2014,2014 England v. Sri Lanka ,Kennington Oval ,England won by 81 runs
25/05/2014,2014 England v. Sri Lanka ,Riverside Ground ,Sri Lanka won by 157 runs
28/05/2014,2014 England v. Sri Lanka ,Old Trafford ,England won by 10 wickets
31/05/2014,2014 England v. Sri Lanka ,Lord's ,Sri Lanka won by 7 runs
03/06/2014,2014 England v. Sri Lanka ,Edgbaston ,Sri Lanka won by 6 wickets
27/08/2014,2014 England v. India ,Sophia Gardens ,India won by 133 runs
30/08/2014,2014 England v. India ,Trent Bridge ,India won by 6 wickets
02/09/2014,2014 England v. India ,Edgbaston ,India won by 9 wickets
05/09/2014,2014 England v. India ,Headingley ,England won by 41 runs
26/11/2014,2014-2015 Sri Lanka v. England ,R Premadasa Stadium ,Sri Lanka won by 25 runs
29/11/2014,2014-2015 Sri Lanka v. England ,R Premadasa Stadium ,Sri Lanka won by 8 wickets
03/12/2014,2014-2015 Sri Lanka v. England ,Mahinda Rajapaksha International Cricket Stadium ,England won by 5 wickets
07/12/2014,2014-2015 Sri Lanka v. England ,R Premadasa Stadium ,Sri Lanka won by 6 wickets
10/12/2014,2014-2015 Sri Lanka v. England ,Pallekele International Cricket Stadium ,England won by 5 wickets
13/12/2014,2014-2015 Sri Lanka v. England ,Pallekele International Cricket Stadium ,Sri Lanka won by 90 runs
16/12/2014,2014-2015 Sri Lanka v. England ,R Premadasa Stadium ,Sri Lanka won by 87 runs
16/01/2015,2014-2015 Carlton Mid International Tri Series (v. Australia) ,Sydney Cricket Ground ,Australia won by 3 wickets
20/01/2015,2014-2015 Carlton Mid International Tri Series (v. India) ,Brisbane Cricket Ground ,England won by 9 wickets
23/01/2015,2014-2015 Carlton Mid International Tri Series (v. Australia) ,Bellerive Oval ,Australia won by 3 wickets
30/01/2015,2014-2015 Carlton Mid International Tri Series (v. India) ,WACA Ground ,England won by 3 wickets
01/02/2015,2014-2015 Carlton Mid International Tri Series (v. Australia) ,WACA Ground ,Australia won by 112 runs
14/02/2015,2014-2015 ICC World Cup (v. Australia) ,Melbourne Cricket Ground ,Australia won by 111 runs
20/02/2015,2014-2015 ICC World Cup (v. New Zealand) ,Westpac Stadium ,New Zealand won by 8 wickets
23/02/2015,2014-2015 ICC World Cup (v. Scotland) ,Hagley Oval ,England won by 119 runs
01/03/2015,2014-2015 ICC World Cup (v. Sri Lanka) ,Westpac Stadium ,Sri Lanka won by 9 wickets
09/03/2015,2014-2015 ICC World Cup (v. Bangladesh) ,Adelaide Oval ,Bangladesh won by 15 runs
13/03/2015,2014-2015 ICC World Cup (v. Afghanistan) ,Sydney Cricket Ground ,England won by 9 wickets
08/05/2015,2014-2015 Ireland v. England ,The Village ,No Result
09/06/2015,2015 England v. New Zealand ,Edgbaston ,England won by 210 runs
12/06/2015,2015 England v. New Zealand ,Kennington Oval ,New Zealand won by 13 runs
14/06/2015,2015 England v. New Zealand ,The Rose Bowl ,New Zealand won by 3 wickets
17/06/2015,2015 England v. New Zealand ,Trent Bridge ,England won by 7 wickets
20/06/2015,2015 England v. New Zealand ,Riverside Ground ,England won by 3 wickets
03/09/2015,2015 England v. Australia ,The Rose Bowl ,Australia won by 59 runs
05/09/2015,2015 England v. Australia ,Lord's ,Australia won by 64 runs
08/09/2015,2015 England v. Australia ,Old Trafford ,England won by 93 runs
11/09/2015,2015 England v. Australia ,Headingley ,England won by 3 wickets
12/09/2015,2015 England v. Australia ,Old Trafford ,Australia won by 8 wickets
11/11/2015,2015-2016 Pakistan v. England ,Sheikh Zayed Stadium ,Pakistan won by 6 wickets
13/11/2015,2015-2016 Pakistan v. England ,Sheikh Zayed Stadium ,England won by 95 runs
17/11/2015,2015-2016 Pakistan v. England ,Sharjah Cricket Stadium ,England won by 6 wickets
20/11/2015,2015-2016 Pakistan v. England ,Dubai International Cricket Stadium ,England won by 84 runs
03/02/2016,2015-2016 South Africa v. England ,Mangaung Oval ,England won by 39 runs
06/02/2016,2015-2016 South Africa v. England ,St George's Park ,England won by 5 wickets
09/02/2016,2015-2016 South Africa v. England ,SuperSport Park ,South Africa won by 7 wickets
12/02/2016,2015-2016 South Africa v. England ,Wanderers Stadium ,South Africa won by 1 wicket
14/02/2016,2015-2016 South Africa v. England ,Newlands ,South Africa won by 5 wickets
21/06/2016,2016 England v. Sri Lanka ,Trent Bridge ,Match Tied
24/06/2016,2016 England v. Sri Lanka ,Edgbaston ,England won by 10 wickets
26/06/2016,2016 England v. Sri Lanka ,County Ground (Bristol) ,No Result
29/06/2016,2016 England v. Sri Lanka ,Kennington Oval ,England won by 6 wickets
02/07/2016,2016 England v. Sri Lanka ,Sophia Gardens ,England won by 122 runs
24/08/2016,2016 England v. Pakistan ,The Rose Bowl ,England won by 44 runs
27/08/2016,2016 England v. Pakistan ,Lord's ,England won by 4 wickets
30/08/2016,2016 England v. Pakistan ,Trent Bridge ,England won by 169 runs
01/09/2016,2016 England v. Pakistan ,Headingley ,England won by 4 wickets
04/09/2016,2016 England v. Pakistan ,Sophia Gardens ,Pakistan won by 4 wickets
07/10/2016,2016-2017 Bangladesh v. England ,Shere Bangla National Stadium ,England won by 21 runs
09/10/2016,2016-2017 Bangladesh v. England ,Shere Bangla National Stadium ,Bangladesh won by 34 runs
12/10/2016,2016-2017 Bangladesh v. England ,Zahur Ahmed Chowdhury Stadium ,England won by 4 wickets
15/01/2017,2016-2017 India v. England ,Maharashtra Cricket Association Stadium ,India won by 3 wickets
19/01/2017,2016-2017 India v. England ,Barabati Stadium ,India won by 15 runs
22/01/2017,2016-2017 India v. England ,Eden Gardens ,England won by 5 runs
03/03/2017,2016-2017 West Indies v. England ,Sir Vivian Richards Stadium ,England won by 45 runs
05/03/2017,2016-2017 West Indies v. England ,Sir Vivian Richards Stadium ,England won by 4 wickets
09/03/2017,2016-2017 West Indies v. England ,Kensington Oval ,England won by 186 runs
05/05/2017,2017 England v. Ireland ,County Ground (Bristol) ,England won by 7 wickets
07/05/2017,2017 England v. Ireland ,Lord's ,England won by 85 runs
24/05/2017,2017 England v. South Africa ,Headingley ,England won by 72 runs
27/05/2017,2017 England v. South Africa ,The Rose Bowl ,England won by 2 runs
29/05/2017,2017 England v. South Africa ,Lord's ,South Africa won by 7 wickets
01/06/2017,2017 ICC Champions Trophy (v. Bangladesh) ,Kennington Oval ,England won by 8 wickets
06/06/2017,2017 ICC Champions Trophy (v. New Zealand) ,Sophia Gardens ,England won by 87 runs
10/06/2017,2017 ICC Champions Trophy (v. Australia) ,Edgbaston ,England won by 40 runs
14/06/2017,2017 ICC Champions Trophy (v. Pakistan) ,Sophia Gardens ,Pakistan won by 8 wickets
19/09/2017,2017 England v. West Indies ,Old Trafford ,England won by 7 wickets
21/09/2017,2017 England v. West Indies ,Trent Bridge ,No Result
24/09/2017,2017 England v. West Indies ,County Ground (Bristol) ,England won by 124 runs
27/09/2017,2017 England v. West Indies ,Kennington Oval ,England won by 6 runs
29/09/2017,2017 England v. West Indies ,The Rose Bowl ,England won by 9 wickets
14/01/2018,2017-2018 Australia v. England ,Melbourne Cricket Ground ,England won by 5 wickets
18/01/2018,2017-2018 Australia v. England ,Brisbane Cricket Ground ,England won by 4 wickets
21/01/2018,2017-2018 Australia v. England ,Sydney Cricket Ground ,England won by 16 runs
26/01/2018,2017-2018 Australia v. England ,Adelaide Oval ,Australia won by 3 wickets
28/01/2018,2017-2018 Australia v. England ,Perth Stadium ,England won by 12 runs
25/02/2018,2017-2018 New Zealand v. England ,Seddon Park ,New Zealand won by 3 wickets
28/02/2018,2017-2018 New Zealand v. England ,Bay Oval ,England won by 6 wickets
03/03/2018,2017-2018 New Zealand v. England ,Westpac Stadium ,England won by 4 runs
06/03/2018,2017-2018 New Zealand v. England ,University Oval ,New Zealand won by 5 wickets
10/03/2018,2017-2018 New Zealand v. England ,Hagley Oval ,England won by 7 wickets
10/06/2018,2018 Scotland v. England ,Grange Cricket Club ,Scotland won by 6 runs
13/06/2018,2018 England v. Australia ,Kennington Oval ,England won by 3 wickets
16/06/2018,2018 England v. Australia ,Sophia Gardens ,England won by 38 runs
19/06/2018,2018 England v. Australia ,Trent Bridge ,England won by 242 runs
21/06/2018,2018 England v. Australia ,Riverside Ground ,England won by 6 wickets
24/06/2018,2018 England v. Australia ,Old Trafford ,England won by 1 wicket
12/07/2018,2018 England v. India ,Trent Bridge ,India won by 8 wickets
14/07/2018,2018 England v. India ,Lord's ,England won by 86 runs
17/07/2018,2018 England v. India ,Headingley ,England won by 8 wickets
10/10/2018,2018-2019 Sri Lanka v. England ,Rangiri Dambulla International Stadium ,No Result
13/10/2018,2018-2019 Sri Lanka v. England ,Rangiri Dambulla International Stadium ,England won by 31 runs
17/10/2018,2018-2019 Sri Lanka v. England ,Pallekele International Cricket Stadium ,England won by 7 wickets
20/10/2018,2018-2019 Sri Lanka v. England ,Pallekele International Cricket Stadium ,England won by 18 runs
23/10/2018,2018-2019 Sri Lanka v. England ,R Premadasa Stadium ,Sri Lanka won by 219 runs
20/02/2019,2018-2019 West Indies v. England ,Kensington Oval ,England won by 6 wickets
22/02/2019,2018-2019 West Indies v. England ,Kensington Oval ,West Indies won by 26 runs
25/02/2019,2018-2019 West Indies v. England ,National Cricket Stadium (Grenada) ,No Result
27/02/2019,2018-2019 West Indies v. England ,National Cricket Stadium (Grenada) ,England won by 29 runs
01/03/2019,2018-2019 West Indies v. England ,Darren Sammy National Cricket Stadium ,West Indies won by 7 wickets
03/05/2019,2018-2019 Ireland v. England ,The Village ,England won by 4 wickets
08/05/2019,2019 England v. Pakistan ,Kennington Oval ,No Result
11/05/2019,2019 England v. Pakistan ,The Rose Bowl ,England won by 12 runs
14/05/2019,2019 England v. Pakistan ,County Ground (Bristol) ,England won by 6 wickets
17/05/2019,2019 England v. Pakistan ,Trent Bridge ,England won by 3 wickets
19/05/2019,2019 England v. Pakistan ,Headingley ,England won by 54 runs
30/05/2019,2019 ICC World Cup (v. South Africa) ,Kennington Oval ,England won by 104 runs
03/06/2019,2019 ICC World Cup (v. Pakistan) ,Trent Bridge ,Pakistan won by 14 runs
08/06/2019,2019 ICC World Cup (v. Bangladesh) ,Sophia Gardens ,England won by 106 runs
14/06/2019,2019 ICC World Cup (v. West Indies) ,The Rose Bowl ,England won by 8 wickets
18/06/2019,2019 ICC World Cup (v. Afghanistan) ,Old Trafford ,England won by 150 runs
21/06/2019,2019 ICC World Cup (v. Sri Lanka) ,Headingley ,Sri Lanka won by 20 runs
25/06/2019,2019 ICC World Cup (v. Australia) ,Lord's ,Australia won by 64 runs
30/06/2019,2019 ICC World Cup (v. India) ,Edgbaston ,England won by 31 runs
03/07/2019,2019 ICC World Cup (v. New Zealand) ,Riverside Ground ,England won by 119 runs
11/07/2019,2019 ICC World Cup (v. Australia) ,Edgbaston ,England won by 8 wickets
14/07/2019,2019 ICC World Cup (v. New Zealand) ,Lord's ,England won in super over after scores were tied
04/02/2020,2019-2020 South Africa v. England ,Newlands ,South Africa won by 7 wickets
07/02/2020,2019-2020 South Africa v. England ,Kingsmead ,No Result
09/02/2020,2019-2020 South Africa v. England ,Wanderers Stadium ,England won by 2 wickets